Residue,Pair,Difference,Range,Subtraction,order
ARG_4,"('ARG_4', 'HIS_172')",0.5442040081033301,0.5~0.7,S01-S09,4
ARG_4,"('ARG_4', 'ARG_437')",0.6587950264130473,0.5~0.7,S01-S09,4
ARG_4,"('ARG_4', 'GLU_166')",-0.5211246310017207,0.5~0.7,S01-S09,4
LYS_5,"('LYS_5', 'HIS_172')",-0.6796043089602797,0.5~0.7,S01-S07,5
LYS_5,"('LYS_5', 'GLU_288')",-0.8194895109309492,0.7~2,S01-S07,5
LYS_5,"('LYS_5', 'GLU_166')",0.5229474707931657,0.5~0.7,S01-S07,5
LYS_5,"('LYS_5', 'ARG_131')",0.6321315117472728,0.5~0.7,S01-S07,5
LYS_12,"('LYS_12', 'ARG_411')",-0.5185881429716337,0.5~0.7,S01-S07,12
GLU_14,"('GLU_14', 'LYS_97')",0.5019836753179161,0.5~0.7,S01-p13,14
GLU_14,"('GLU_14', 'TYR_360')",-0.5506977117194667,0.5~0.7,S01-p13,14
GLU_14,"('GLU_14', 'ASP_354')",-0.5203620997661775,0.5~0.7,S01-p13,14
ARG_40,"('ARG_40', 'ASP_522')",0.5024431757953983,0.5~0.7,S01-p12,40
HIS_41,"('HIS_41', 'ARG_585')",0.6611024642115538,0.5~0.7,S01-p12,41
HIS_41,"('HIS_41', 'ASP_522')",-0.6114122603452216,0.5~0.7,S01-p12,41
TYR_54,"('TYR_54', 'CYS_350')",0.5248624240135505,0.5~0.7,S01-S03,54
TYR_54,"('TYR_54', 'TYR_432')",-0.5304699790305212,0.5~0.7,S01-p13,54
TYR_54,"('TYR_54', 'GLU_596')",-0.5135395848785358,0.5~0.7,S01-p13,54
TYR_54,"('TYR_54', 'ASP_216')",-0.5199953309113972,0.5~0.7,S01-S04,54
GLU_55,"('GLU_55', 'ARG_188')",0.8693085579448283,0.7~2,S01-p12,55
LYS_97,"('GLU_14', 'LYS_97')",0.5019836753179161,0.5~0.7,S01-p13,97
ARG_105,"('ARG_105', 'GLU_290')",-0.6099944379155161,0.5~0.7,S01-S07,105
TYR_126,"('TYR_126', 'ARG_604')",0.5899325125700791,0.5~0.7,S01-S06,126
CYS_128,"('CYS_128', 'ARG_604')",0.5463633130517175,0.5~0.7,S01-S06,128
ARG_131,"('LYS_5', 'ARG_131')",0.6321315117472728,0.5~0.7,S01-S07,131
ARG_131,"('ARG_131', 'GLU_290')",-0.663037518660816,0.5~0.7,S01-S07,131
CYS_145,"('CYS_145', 'GLU_166')",-0.5059835360846004,0.5~0.7,S01-S10,145
HIS_163,"('HIS_163', 'GLU_166')",0.6694650732248896,0.5~0.7,S01-p13,163
HIS_163,"('HIS_163', 'GLU_166')",0.7195308152747439,0.7~2,S01-S10,163
HIS_164,"('HIS_164', 'ARG_585')",-0.566247138185081,0.5~0.7,S01-p12,164
HIS_164,"('HIS_164', 'ASP_522')",0.5303955643277267,0.5~0.7,S01-p12,164
GLU_166,"('GLU_166', 'HIS_172')",-0.5285553323553973,0.5~0.7,S01-S11,166
GLU_166,"('HIS_163', 'GLU_166')",0.6694650732248896,0.5~0.7,S01-p13,166
GLU_166,"('GLU_166', 'GLU_290')",-0.5467342128230679,0.5~0.7,S01-S07,166
GLU_166,"('ARG_4', 'GLU_166')",-0.5211246310017207,0.5~0.7,S01-S09,166
GLU_166,"('HIS_163', 'GLU_166')",0.7195308152747439,0.7~2,S01-S10,166
GLU_166,"('GLU_166', 'HIS_172')",-0.981601969512748,0.7~2,S01-S10,166
GLU_166,"('LYS_5', 'GLU_166')",0.5229474707931657,0.5~0.7,S01-S07,166
GLU_166,"('CYS_145', 'GLU_166')",-0.5059835360846004,0.5~0.7,S01-S10,166
GLU_166,"('GLU_166', 'LYS_318')",0.5563165265158725,0.5~0.7,S01-S09,166
HIS_172,"('HIS_172', 'GLU_290')",0.7068574195690647,0.7~2,S01-S07,172
HIS_172,"('HIS_172', 'LYS_318')",-0.5037830835207094,0.5~0.7,S01-p12,172
HIS_172,"('GLU_166', 'HIS_172')",-0.5285553323553973,0.5~0.7,S01-S11,172
HIS_172,"('HIS_172', 'ARG_298')",0.5057604409083714,0.5~0.7,S01-S07,172
HIS_172,"('ARG_4', 'HIS_172')",0.5442040081033301,0.5~0.7,S01-S09,172
HIS_172,"('LYS_5', 'HIS_172')",-0.6796043089602797,0.5~0.7,S01-S07,172
HIS_172,"('GLU_166', 'HIS_172')",-0.981601969512748,0.7~2,S01-S10,172
HIS_172,"('HIS_172', 'LYS_318')",-0.5531163744449097,0.5~0.7,S01-S09,172
HIS_172,"('HIS_172', 'ASP_522')",0.552355450392563,0.5~0.7,S01-S11,172
ARG_188,"('GLU_55', 'ARG_188')",0.8693085579448283,0.7~2,S01-p12,188
ASP_216,"('ASP_216', 'ARG_279')",-0.5309496899366775,0.5~0.7,S01-S11,216
ASP_216,"('TYR_54', 'ASP_216')",-0.5199953309113972,0.5~0.7,S01-S04,216
ASP_216,"('ASP_216', 'ARG_279')",-0.5202239656934474,0.5~0.7,S01-p12,216
ASP_216,"('ASP_216', 'CYS_350')",-0.5396305873535052,0.5~0.7,S01-S07,216
ARG_222,"('ARG_222', 'TYR_424')",0.5285200443019087,0.5~0.7,S01-p13,222
LYS_269,"('LYS_269', 'CYS_300')",0.5578276337351952,0.5~0.7,S01-S09,269
ARG_279,"('ASP_216', 'ARG_279')",-0.5309496899366775,0.5~0.7,S01-S11,279
ARG_279,"('ASP_216', 'ARG_279')",-0.5202239656934474,0.5~0.7,S01-p12,279
GLU_288,"('LYS_5', 'GLU_288')",-0.8194895109309492,0.7~2,S01-S07,288
GLU_288,"('GLU_288', 'GLU_290')",0.569640417490318,0.5~0.7,S01-S07,288
GLU_290,"('GLU_288', 'GLU_290')",0.569640417490318,0.5~0.7,S01-S07,290
GLU_290,"('GLU_166', 'GLU_290')",-0.5467342128230679,0.5~0.7,S01-S07,290
GLU_290,"('HIS_172', 'GLU_290')",0.7068574195690647,0.7~2,S01-S07,290
GLU_290,"('ARG_105', 'GLU_290')",-0.6099944379155161,0.5~0.7,S01-S07,290
GLU_290,"('ARG_131', 'GLU_290')",-0.663037518660816,0.5~0.7,S01-S07,290
ASP_295,"('ASP_295', 'ARG_366')",0.5892543328564582,0.5~0.7,S01-S05,295
ARG_298,"('ARG_298', 'CYS_300')",-0.590811411220557,0.5~0.7,S01-S03,298
ARG_298,"('HIS_172', 'ARG_298')",0.5057604409083714,0.5~0.7,S01-S07,298
CYS_300,"('CYS_300', 'CYS_606')",0.5060511615197841,0.5~0.7,S01-S09,300
CYS_300,"('LYS_269', 'CYS_300')",0.5578276337351952,0.5~0.7,S01-S09,300
CYS_300,"('ARG_298', 'CYS_300')",-0.590811411220557,0.5~0.7,S01-S03,300
ARG_310,"('ARG_310', 'ARG_604')",-0.5836182490721237,0.5~0.7,S01-S06,310
LYS_318,"('HIS_172', 'LYS_318')",-0.5037830835207094,0.5~0.7,S01-p12,318
LYS_318,"('HIS_172', 'LYS_318')",-0.5531163744449097,0.5~0.7,S01-S09,318
LYS_318,"('GLU_166', 'LYS_318')",0.5563165265158725,0.5~0.7,S01-S09,318
ARG_346,"('ARG_346', 'TYR_360')",-0.7704230371478978,0.7~2,S01-S03,346
HIS_347,"('HIS_347', 'TYR_360')",0.5377362299113634,0.5~0.7,S01-p13,347
CYS_350,"('CYS_350', 'ARG_528')",0.5459931957545314,0.5~0.7,S01-S11,350
CYS_350,"('TYR_54', 'CYS_350')",0.5248624240135505,0.5~0.7,S01-S03,350
CYS_350,"('ASP_216', 'CYS_350')",-0.5396305873535052,0.5~0.7,S01-S07,350
ASP_354,"('ASP_354', 'TYR_360')",-0.8120650600057977,0.7~2,S01-S05,354
ASP_354,"('ASP_354', 'TYR_360')",-0.7331911412285125,0.7~2,S01-p13,354
ASP_354,"('GLU_14', 'ASP_354')",-0.5203620997661775,0.5~0.7,S01-p13,354
TYR_360,"('TYR_360', 'ARG_528')",-0.5095096670920689,0.5~0.7,S01-S10,360
TYR_360,"('TYR_360', 'ARG_494')",0.5861920232003253,0.5~0.7,S01-S10,360
TYR_360,"('HIS_347', 'TYR_360')",0.5377362299113634,0.5~0.7,S01-p13,360
TYR_360,"('TYR_360', 'ARG_494')",0.5305227171937308,0.5~0.7,S01-S08,360
TYR_360,"('ASP_354', 'TYR_360')",-0.7331911412285125,0.7~2,S01-p13,360
TYR_360,"('TYR_360', 'ASP_398')",-0.5077554219869375,0.5~0.7,S01-p13,360
TYR_360,"('TYR_360', 'ARG_366')",0.8337838547101024,0.7~2,S01-p13,360
TYR_360,"('TYR_360', 'ARG_494')",0.5426974374096232,0.5~0.7,S01-S07,360
TYR_360,"('TYR_360', 'ARG_494')",0.5320264418856409,0.5~0.7,S01-S04,360
TYR_360,"('ARG_346', 'TYR_360')",-0.7704230371478978,0.7~2,S01-S03,360
TYR_360,"('TYR_360', 'ARG_494')",0.6441905250945583,0.5~0.7,S01-S05,360
TYR_360,"('GLU_14', 'TYR_360')",-0.5506977117194667,0.5~0.7,S01-p13,360
TYR_360,"('TYR_360', 'ARG_366')",0.8879810217439973,0.7~2,S01-S05,360
TYR_360,"('TYR_360', 'ARG_494')",0.6555123439175649,0.5~0.7,S01-p13,360
TYR_360,"('ASP_354', 'TYR_360')",-0.8120650600057977,0.7~2,S01-S05,360
ARG_366,"('TYR_360', 'ARG_366')",0.8879810217439973,0.7~2,S01-S05,366
ARG_366,"('TYR_360', 'ARG_366')",0.8337838547101024,0.7~2,S01-p13,366
ARG_366,"('ASP_295', 'ARG_366')",0.5892543328564582,0.5~0.7,S01-S05,366
ASP_398,"('TYR_360', 'ASP_398')",-0.5077554219869375,0.5~0.7,S01-p13,398
LYS_408,"('LYS_408', 'ASP_459')",-0.5032269829702574,0.5~0.7,S01-S02,408
ARG_411,"('ARG_411', 'GLU_484')",-0.7260063124797701,0.7~2,S01-S02,411
ARG_411,"('ARG_411', 'ARG_494')",-0.5139311439165345,0.5~0.7,S01-S07,411
ARG_411,"('ARG_411', 'GLU_484')",-0.8128890838619642,0.7~2,S01-S08,411
ARG_411,"('ARG_411', 'ARG_494')",-0.5003681865860925,0.5~0.7,S01-S10,411
ARG_411,"('LYS_12', 'ARG_411')",-0.5185881429716337,0.5~0.7,S01-S07,411
TYR_424,"('ARG_222', 'TYR_424')",0.5285200443019087,0.5~0.7,S01-p13,424
TYR_432,"('TYR_432', 'ARG_585')",-0.5125568864701852,0.5~0.7,S01-S04,432
TYR_432,"('TYR_54', 'TYR_432')",-0.5304699790305212,0.5~0.7,S01-p13,432
ARG_437,"('ARG_4', 'ARG_437')",0.6587950264130473,0.5~0.7,S01-S09,437
ASP_459,"('LYS_408', 'ASP_459')",-0.5032269829702574,0.5~0.7,S01-S02,459
GLU_484,"('ARG_411', 'GLU_484')",-0.7260063124797701,0.7~2,S01-S02,484
GLU_484,"('ARG_411', 'GLU_484')",-0.8128890838619642,0.7~2,S01-S08,484
ARG_494,"('TYR_360', 'ARG_494')",0.5861920232003253,0.5~0.7,S01-S10,494
ARG_494,"('ARG_411', 'ARG_494')",-0.5003681865860925,0.5~0.7,S01-S10,494
ARG_494,"('TYR_360', 'ARG_494')",0.5305227171937308,0.5~0.7,S01-S08,494
ARG_494,"('ARG_411', 'ARG_494')",-0.5139311439165345,0.5~0.7,S01-S07,494
ARG_494,"('TYR_360', 'ARG_494')",0.5426974374096232,0.5~0.7,S01-S07,494
ARG_494,"('TYR_360', 'ARG_494')",0.5320264418856409,0.5~0.7,S01-S04,494
ARG_494,"('TYR_360', 'ARG_494')",0.6441905250945583,0.5~0.7,S01-S05,494
ARG_494,"('TYR_360', 'ARG_494')",0.6555123439175649,0.5~0.7,S01-p13,494
ASP_522,"('HIS_41', 'ASP_522')",-0.6114122603452216,0.5~0.7,S01-p12,522
ASP_522,"('ARG_40', 'ASP_522')",0.5024431757953983,0.5~0.7,S01-p12,522
ASP_522,"('HIS_172', 'ASP_522')",0.552355450392563,0.5~0.7,S01-S11,522
ASP_522,"('HIS_164', 'ASP_522')",0.5303955643277267,0.5~0.7,S01-p12,522
ASP_522,"('ASP_522', 'ARG_585')",-0.8038482551472352,0.7~2,S01-p13,522
ASP_522,"('ASP_522', 'ARG_585')",-0.5300343862592047,0.5~0.7,S01-S02,522
ASP_522,"('ASP_522', 'ARG_585')",-0.6510094669043973,0.5~0.7,S01-S03,522
ASP_522,"('ASP_522', 'ARG_585')",-0.7627172471699493,0.7~2,S01-S07,522
ASP_522,"('ASP_522', 'ARG_523')",0.8948568122199323,0.7~2,S01-S09,522
ASP_522,"('ASP_522', 'ARG_585')",-0.5862590780471003,0.5~0.7,S01-S09,522
ASP_522,"('ASP_522', 'ARG_585')",-0.8156800133607738,0.7~2,S01-S11,522
ARG_523,"('ASP_522', 'ARG_523')",0.8948568122199323,0.7~2,S01-S09,523
ARG_528,"('CYS_350', 'ARG_528')",0.5459931957545314,0.5~0.7,S01-S11,528
ARG_528,"('ARG_528', 'ASP_569')",-0.6736564906747373,0.5~0.7,S01-S08,528
ARG_528,"('TYR_360', 'ARG_528')",-0.5095096670920689,0.5~0.7,S01-S10,528
ASP_569,"('ARG_528', 'ASP_569')",-0.6736564906747373,0.5~0.7,S01-S08,569
ARG_585,"('ASP_522', 'ARG_585')",-0.5862590780471003,0.5~0.7,S01-S09,585
ARG_585,"('ASP_522', 'ARG_585')",-0.5300343862592047,0.5~0.7,S01-S02,585
ARG_585,"('TYR_432', 'ARG_585')",-0.5125568864701852,0.5~0.7,S01-S04,585
ARG_585,"('HIS_164', 'ARG_585')",-0.566247138185081,0.5~0.7,S01-p12,585
ARG_585,"('ASP_522', 'ARG_585')",-0.7627172471699493,0.7~2,S01-S07,585
ARG_585,"('HIS_41', 'ARG_585')",0.6611024642115538,0.5~0.7,S01-p12,585
ARG_585,"('ASP_522', 'ARG_585')",-0.8156800133607738,0.7~2,S01-S11,585
ARG_585,"('ASP_522', 'ARG_585')",-0.6510094669043973,0.5~0.7,S01-S03,585
ARG_585,"('ASP_522', 'ARG_585')",-0.8038482551472352,0.7~2,S01-p13,585
GLU_596,"('TYR_54', 'GLU_596')",-0.5135395848785358,0.5~0.7,S01-p13,596
ARG_604,"('TYR_126', 'ARG_604')",0.5899325125700791,0.5~0.7,S01-S06,604
ARG_604,"('CYS_128', 'ARG_604')",0.5463633130517175,0.5~0.7,S01-S06,604
ARG_604,"('ARG_310', 'ARG_604')",-0.5836182490721237,0.5~0.7,S01-S06,604
CYS_606,"('CYS_300', 'CYS_606')",0.5060511615197841,0.5~0.7,S01-S09,606
