,HIS_164
GLU_320,0.2608636378128409
ASP_33,-0.20133976880788543
ASP_551,0.21228629527251075
CYS_117,-0.22351625154010346
GLU_14,-0.21488327710119845
ARG_310,0.2524616630949774
HIS_172,0.5333955364281393
TYR_54,-0.7394738038026851
ASP_295,0.47164727866677253
ARG_40,0.49399355497137465
HIS_163,-1.0576919938245946
CYS_128,-0.2893897266947945
GLU_484,-0.29049556395126047
CYS_44,0.3624489007566033
ARG_585,-0.21871932485004555
LYS_102,-0.21516652059179062
ASP_187,-1.4369741575064325
ASP_554,0.20463422801948655
TYR_488,0.21563440816766066
GLU_166,-0.423052912847047
CYS_451,-0.30709695690532024
CYS_145,0.600319034643248
LYS_311,0.29155179348132837
TYR_182,-0.2409477527113266
TYR_161,-0.26962833013053583
HIS_41,0.3577620058376629
ARG_411,0.22634324334883402
ASP_398,0.4226950927560503
